Workbook

Sheet SUMMARY
A1: DEFECT REPORT SUMMARY
A2: DEFECT ID | B2: SUMMARY | C2: MODULE | D2: SEVERITY | E2: PRIORITY | F2: DEFECT TYPE | G2: ASSIGNED TO
A3: =DEFECT_001!B3 -> DEFECT_001 | B3: =DEFECT_001!B6 -> Add to Cart button not working for Nikon D5500 DSLR | C3: =DEFECT_001!D3 -> Product Catalogue | D3: =DEFECT_001!B4 -> CRITICAL | E3: =DEFECT_001!D4 -> HIGH | F3: =DEFECT_001!F3 -> FUNCTIONALITY | G3: =DEFECT_001!F4 -> DEVELOPER
A4: ='DEFECT_002 '!B3 -> DEFECT_002 | B4: ='DEFECT_002 '!B6 -> Search results do not display all relevant products for keyword "camera" | C4: ='DEFECT_002 '!D3 -> Search | D4: ='DEFECT_002 '!B4 -> MAJOR | E4: ='DEFECT_002 '!D4 -> HIGH | F4: ='DEFECT_002 '!F3 -> FUNCTIONALITY | G4: ='DEFECT_002 '!F4 -> DEVELOPER
A5: =DEFECT_003!B3 -> DEFECT_003 | B5: =DEFECT_003!B6 -> Improper error message on invalid login | C5: =DEFECT_003!D3 -> Login | D5: =DEFECT_003!B4 -> MINOR | E5: =DEFECT_003!D4 -> MEDIUM | F5: =DEFECT_003!F3 -> VALIDATION | G5: =DEFECT_003!F4 -> DEVELOPER
A6: =Sheet4!B3 -> DEFECT_004 | B6: =Sheet4!B6 -> First Name and Last Name fields accept invalid inputs | C6: =Sheet4!D3 -> Checkout | D6: =Sheet4!B4 -> MAJOR | E6: =Sheet4!D4 -> HIGH | F6: =Sheet4!F3 -> Validation | G6: =Sheet4!F4 -> DEVELOPER
A7: ='Sheet 5'!B3 -> DEFECT_005 | B7: ='Sheet 5'!B6 -> Postal / Zip Code field accepts alphabets, spaces, and excessively long values | C7: ='Sheet 5'!D3 -> Checkout | D7: ='Sheet 5'!B4 -> MINOR | E7: ='Sheet 5'!D4 -> MEDIUM | F7: ='Sheet 5'!F3 -> Validation | G7: ='Sheet 5'!F4 -> DEVELOPER
A8: ='Sheet 6'!B3 -> DEFECT_006 | B8: ='Sheet 6'!B6 -> Pin Code field accepts invalid input in Estimate Shipping | C8: ='Sheet 6'!D3 -> Checkout | D8: ='Sheet 6'!B4 -> MEDIUM | E8: ='Sheet 6'!D4 -> MEDIUM | F8: ='Sheet 6'!F3 -> FUNCTIONAL DEFECT | G8: ='Sheet 6'!F4 -> DEVELOPER
A9: ='Sheet 7'!B3 -> DEFECT_007 | B9: ='Sheet 7'!B6 -> Phone Number field accepts alphabets and values beyond 10 digits | C9: ='Sheet 7'!D3 -> Checkout | D9: ='Sheet 7'!B4 -> MAJOR | E9: ='Sheet 7'!D4 -> HIGH | F9: ='Sheet 7'!F3 -> Validation | G9: ='Sheet 7'!F4 -> DEVELOPER
A10: ='Sheet 8'!B3 -> DEFECT_008 | B10: ='Sheet 8'!B6 -> Weak password is accepted with no password strength indicator | C10: ='Sheet 8'!D3 -> Register / Login | D10: ='Sheet 8'!B4 -> MAJOR | E10: ='Sheet 8'!D4 -> HIGH | F10: ='Sheet 8'!F3 -> Validation | G10: ='Sheet 8'!F4 -> DEVELOPER
A11: ='Sheet 9'!B3 -> DEFECT_009 | B11: ='Sheet 9'!B6 -> Product comparison only shows price and no other attributes | C11: ='Sheet 9'!D3 -> Compare Products | D11: ='Sheet 9'!B4 -> MAJOR | E11: ='Sheet 9'!D4 -> HIGH | F11: ='Sheet 9'!F3 -> Functionality | G11: ='Sheet 9'!F4 -> DEVELOPER
A12: ='Sheet 10'!B3 -> DEFECT_010 | B12: ='Sheet 10'!B6 -> System allows comparison of completely different product types | C12: ='Sheet 10'!D3 -> Compare Products | D12: ='Sheet 10'!B4 -> MINOR | E12: ='Sheet 10'!D4 -> MEDIUM | F12: ='Sheet 10'!F3 -> Validation | G12: ='Sheet 10'!F4 -> DEVELOPER
A13: ='Sheet 11'!B3 -> DEFECT_011 | B13: ='Sheet 11'!B6 -> News feed logo in footer redirects to a blank page with only a URL link | C13: ='Sheet 11'!D3 -> Footer | D13: ='Sheet 11'!B4 -> MINOR | E13: ='Sheet 11'!D4 -> LOW | F13: ='Sheet 11'!F3 -> UI | G13: ='Sheet 11'!F4 -> DEVELOPER
A14: ='Sheet 12'!B3 -> DEFECT_012 | B14: ='Sheet 12'!B6 -> Changing color and print on Nike Floral Roshe does not update the product image | C14: ='Sheet 12'!D3 -> Product Page | D14: ='Sheet 12'!B4 -> MAJOR | E14: ='Sheet 12'!D4 -> HIGH | F14: ='Sheet 12'!F3 -> Functionality | G14: ='Sheet 12'!F4 -> DEVELOPER
A15: ='Sheet 13'!B3 -> DEFECT_013 | B15: ='Sheet 13'!B6 -> Rental date on Elegant Gemstone Necklace allows selection of past dates | C15: ='Sheet 13'!D3 -> Product Page | D15: ='Sheet 13'!B4 -> MAJOR | E15: ='Sheet 13'!D4 -> HIGH | F15: ='Sheet 13'!F3 -> Validation | G15: ='Sheet 13'!F4 -> DEVELOPER
A16: ='Sheet 14'!B3 -> DEFECT_014 | B16: ='Sheet 14'!B6 -> About Us, Privacy Policy, Shipping and Returns pages display placeholder content | C16: ='Sheet 14'!D3 -> Footer | D16: ='Sheet 14'!B4 -> MINOR | E16: ='Sheet 14'!D4 -> MEDIUM | F16: ='Sheet 14'!F3 -> UI | G16: ='Sheet 14'!F4 -> DEVELOPER
A17: ='Sheet 15'!B3 -> DEFECT_015 | B17: ='Sheet 15'!B6 -> Manufacturers page lists only 3 brands despite more brands existing in product pages | C17: ='Sheet 15'!D3 -> Manufacturers | D17: ='Sheet 15'!B4 -> MINOR | E17: ='Sheet 15'!D4 -> MEDIUM | F17: ='Sheet 15'!F3 -> Functionality | G17: ='Sheet 15'!F4 -> DEVELOPER

Sheet DEFECT_001
A1: DEFECT REPORT | DEFECT_001 | PRODUCT CATALOGUE
A2: BASIC INFORMATION
A3: DEFECT ID | B3: DEFECT_001 | C3: MODULE | D3: Product Catalogue | E3: DEFECT TYPE | F3: FUNCTIONALITY
A4: SEVERITY | B4: CRITICAL | C4: PRIORITY | D4: HIGH | E4: ASSIGNED TO | F4: DEVELOPER
A5: DEFECT DETAILS
A6: SUMMARY | B6: Add to Cart button not working for Nikon D5500 DSLR
A7: DESCRIPTION | B7: When clicking Add to Cart for Nikon D5500 DSLR, product is not added directly
A8: EXPECTED RESULT | B8: Clicking on the add to cart button should add the product to cart.
A9: ACTUAL RESULT | B9: User is redirected to product page
A10: ATTACHMENTS | B10: https://drive.google.com/file/d/1TJx4gpmXS9KoD0wZ-QzHhqnp7CUNShw6/view?usp=drive_link
A11: STEPS TO REPRODUCE
A12: STEP 1 | B12: Open the application (https://demo.nopcommerce.com)
A13: STEP 2 | B13: Click on Electronics
A14: STEP 3 | B14: Click on Camera & Photo
A15: STEP 4 | B15: Click on the Nikon D5500 DSLR's Add to cart button
A16: DEVICE & ENVIRONMENT DETAILS
A17: OS | B17: Windows | C17: OS VERSION | D17: 11
A18: DEVICE | B18: Honor Magicbook X16 | C18: BROWSER | D18: Zen
A19: BROWSER VERSION | B19: 1.19.5b | C19: BUILD VERSION | D19: N/A

Sheet DEFECT_002 
A1: DEFECT REPORT | DEFECT_002 | SEARCH
A2: BASIC INFORMATION
A3: DEFECT ID | B3: DEFECT_002 | C3: MODULE | D3: Search | E3: DEFECT TYPE | F3: FUNCTIONALITY
A4: SEVERITY | B4: MAJOR | C4: PRIORITY | D4: HIGH | E4: ASSIGNED TO | F4: DEVELOPER
A5: DEFECT DETAILS
A6: SUMMARY | B6: Search results do not display all relevant products for keyword "camera"
A7: DESCRIPTION | B7: Changing quantity does not instantly update total
A8: EXPECTED RESULT | B8: All relevant products related to "camera" should be displayed in the search results
A9: ACTUAL RESULT | B9: Only one product is displayed instead of multiple relevant results
A10: ATTACHMENTS | B10: https://drive.google.com/file/d/19gwDOIthjQT_FH8hPeNHEv6OqbsGy5xT/view?usp=drive_link
A11: STEPS TO REPRODUCE
A12: STEP 1 | B12: Open the application (https://demo.nopcommerce.com)
A13: STEP 2 | B13: Enter "Camera" in search bar
A14: STEP 3 | B14: Click on Search
A15: DEVICE & ENVIRONMENT DETAILS
A16: OS | B16: Windows | C16: OS VERSION | D16: 11
A17: DEVICE | B17: Honor Magicbook X16 | C17: BROWSER | D17: Zen
A18: BROWSER VERSION | B18: 1.19.5b | C18: BUILD VERSION | D18: N/A

Sheet DEFECT_003
A1: DEFECT REPORT | DEFECT_003 | LOGIN
A2: BASIC INFORMATION
A3: DEFECT ID | B3: DEFECT_003 | C3: MODULE | D3: Login | E3: DEFECT TYPE | F3: VALIDATION
A4: SEVERITY | B4: MINOR | C4: PRIORITY | D4: MEDIUM | E4: ASSIGNED TO | F4: DEVELOPER
A5: DEFECT DETAILS
A6: SUMMARY | B6: Improper error message on invalid login
A7: DESCRIPTION | B7: Error message is not clear for invalid credentials
A8: EXPECTED RESULT | B8: Clear validation message should appear
A9: ACTUAL RESULT | B9: Generic message displayed
A10: ATTACHMENTS | B10: https://drive.google.com/file/d/13hOxQg1Nb0mM3loRPR1mch6kycXY0yDP/view?usp=drive_link
A11: STEPS TO REPRODUCE
A12: STEP 1 | B12: Open the application (https://demo.nopcommerce.com)
A13: STEP 2 | B13: Enter Invalid Credentials
A14: STEP 3 | B14: Click on Login
A15: DEVICE & ENVIRONMENT DETAILS
A16: OS | B16: Windows | C16: OS VERSION | D16: 11
A17: DEVICE | B17: Honor Magicbook X16 | C17: BROWSER | D17: Zen
A18: BROWSER VERSION | B18: 1.19.5b | C18: BUILD VERSION | D18: N/A

Sheet Sheet4
A1: DEFECT REPORT | DEFECT_004 | CHECKOUT
A2: BASIC INFORMATION
A3: DEFECT ID | B3: DEFECT_004 | C3: MODULE | D3: Checkout | E3: DEFECT TYPE | F3: Validation
A4: SEVERITY | B4: MAJOR | C4: PRIORITY | D4: HIGH | E4: ASSIGNED TO | F4: DEVELOPER
A5: DEFECT DETAILS
A6: SUMMARY | B6: First Name and Last Name fields accept invalid inputs
A7: DESCRIPTION | B7: On the checkout page, the First Name and Last Name fields accept very long inputs, blank spaces, and numerical values, which should not be allowed.
A8: EXPECTED RESULT | B8: First Name and Last Name fields should only accept alphabetic characters with a reasonable length limit and should not allow blank spaces or numbers.
A9: ACTUAL RESULT | B9: Fields accept very long strings, blank spaces, and numerical values without any validation error.
A10: ATTACHMENTS | B10: https://drive.google.com/file/d/1F4UiYaCDmRg1EQ7xezUzqY-OBXV3HAoF/view?usp=drive_link
A11: STEPS TO REPRODUCE
A12: STEP 1 | B12: Open the application (https://demo.nopcommerce.com)
A13: STEP 2 | B13: Add any product to the cart
A14: STEP 3 | B14: Click on Checkout
A15: STEP 4 | B15: Enter very long text, blank spaces, or numbers in First Name / Last Name fields
A16: STEP 5 | B16: Click Continue / Proceed
A17: DEVICE & ENVIRONMENT DETAILS
A18: OS | B18: Windows | C18: OS VERSION | D18: 11
A19: DEVICE | B19: Honor Magicbook X16 | C19: BROWSER | D19: Zen
A20: BROWSER VERSION | B20: 1.19.5b | C20: BUILD VERSION | D20: N/A

Sheet Sheet 5
A1: DEFECT REPORT | DEFECT_005 | CHECKOUT
A2: BASIC INFORMATION
A3: DEFECT ID | B3: DEFECT_005 | C3: MODULE | D3: Checkout | E3: DEFECT TYPE | F3: Validation
A4: SEVERITY | B4: MINOR | C4: PRIORITY | D4: MEDIUM | E4: ASSIGNED TO | F4: DEVELOPER
A5: DEFECT DETAILS
A6: SUMMARY | B6: Postal / Zip Code field accepts alphabets, spaces, and excessively long values
A7: DESCRIPTION | B7: On the checkout page, the Postal / Zip Code field accepts alphabetic characters, blank spaces, and values that are excessively long, instead of restricting to a valid zip code format.
A8: EXPECTED RESULT | B8: Postal / Zip Code field should only accept numeric digits within a valid length range (e.g. 5–6 digits) and should reject alphabets, spaces, and overly long inputs.
A9: ACTUAL RESULT | B9: Field accepts alphabets, spaces, and very long numeric or mixed values without any validation error.
A10: ATTACHMENTS | B10: https://drive.google.com/file/d/11fTiaDKS3R8nRTcysNWoz1UpuIdYNLok/view?usp=drive_link
A11: STEPS TO REPRODUCE
A12: STEP 1 | B12: Open the application (https://demo.nopcommerce.com)
A13: STEP 2 | B13: Add any product to the cart
A14: STEP 3 | B14: Click on Checkout
A15: STEP 4 | B15: Enter alphabets, spaces, or a very long value in the Postal / Zip Code field
A16: STEP 5 | B16: Click Continue / Proceed
A17: DEVICE & ENVIRONMENT DETAILS
A18: OS | B18: Windows | C18: OS VERSION | D18: 11
A19: DEVICE | B19: Honor Magicbook X16 | C19: BROWSER | D19: Zen
A20: BROWSER VERSION | B20: 1.19.5b | C20: BUILD VERSION | D20: N/A

Sheet Sheet 6
A1: DEFECT REPORT | DEFECT_006 | CHECKOUT / ESTIMATE SHIPPING
A2: BASIC INFORMATION
A3: DEFECT ID | B3: DEFECT_006 | C3: MODULE | D3: Checkout | E3: DEFECT TYPE | F3: FUNCTIONAL DEFECT
A4: SEVERITY | B4: MEDIUM | C4: PRIORITY | D4: MEDIUM | E4: ASSIGNED TO | F4: DEVELOPER
A5: DEFECT DETAILS
A6: SUMMARY | B6: Pin Code field accepts invalid input in Estimate Shipping
A7: DESCRIPTION | B7: In the Checkout page under Estimate Shipping, the PIN/ZIP Code field accepts invalid input such as alphabets and special characters (e.g., "hdjdhd") without any validation. This may lead to incorrect shipping calculations and data integrity issues.
A8: EXPECTED RESULT | B8: System should validate the PIN Code format and reject invalid input with an appropriate error message.
A9: ACTUAL RESULT | B9: System accepts invalid PIN Code (alphabets/special characters) without any validation or error message.
A10: ATTACHMENTS | B10: https://drive.google.com/file/d/1Po6Iw53LQ-O8diGlGqVpfh-irhl3WAI5/view?usp=drive_link
A11: STEPS TO REPRODUCE
A12: STEP 1 | B12: Open the application (https://demo.nopcommerce.com)
A13: STEP 2 | B13: Add a product to the cart
A14: STEP 3 | B14: Navigate to the Cart page
A15: STEP 4 | B15: Click on "Estimate Shipping"
A16: STEP 5 | B16: Enter invalid PIN Code (e.g., text/alphabets like "hdjdhd")
A17: STEP 6 | B17: Click Apply
A18: STEP 7 | B18: Observe the system response
A19: DEVICE & ENVIRONMENT DETAILS
A20: OS | B20: Windows | C20: OS VERSION | D20: 11
A21: DEVICE | B21: Honor Magicbook X16 | C21: BROWSER | D21: Zen
A22: BROWSER VERSION | B22: 1.19.5b | C22: BUILD VERSION | D22: N/A

Sheet Sheet 7
A1: DEFECT REPORT | DEFECT_007 | CHECKOUT
A2: BASIC INFORMATION
A3: DEFECT ID | B3: DEFECT_007 | C3: MODULE | D3: Checkout | E3: DEFECT TYPE | F3: Validation
A4: SEVERITY | B4: MAJOR | C4: PRIORITY | D4: HIGH | E4: ASSIGNED TO | F4: DEVELOPER
A5: DEFECT DETAILS
A6: SUMMARY | B6: Phone Number field accepts alphabets and values beyond 10 digits
A7: DESCRIPTION | B7: On the checkout page, the Phone Number field accepts alphabetic characters and allows input beyond 10 digits, instead of restricting to numeric-only 10-digit values.
A8: EXPECTED RESULT | B8: Phone Number field should only accept exactly 10 numeric digits and should reject alphabets, special characters, and inputs longer than 10 digits.
A9: ACTUAL RESULT | B9: Field accepts alphabetic characters and allows entry of numbers beyond 10 digits without any validation error.
A10: ATTACHMENTS | B10: https://drive.google.com/file/d/1vjIarozWGnqNhpY1BqBD8kL21kXkpjOr/view?usp=drive_link
A11: STEPS TO REPRODUCE
A12: STEP 1 | B12: Open the application (https://demo.nopcommerce.com)
A13: STEP 2 | B13: Add any product to the cart
A14: STEP 3 | B14: Click on Checkout
A15: STEP 4 | B15: Enter alphabets or a number longer than 10 digits in the Phone Number field
A16: STEP 5 | B16: Click Continue / Proceed
A17: DEVICE & ENVIRONMENT DETAILS
A18: OS | B18: Windows | C18: OS VERSION | D18: 11
A19: DEVICE | B19: Honor Magicbook X16 | C19: BROWSER | D19: Zen
A20: BROWSER VERSION | B20: 1.19.5b | C20: BUILD VERSION | D20: N/A

Sheet Sheet 8
A1: DEFECT REPORT | DEFECT_008 | REGISTER / LOGIN
A2: BASIC INFORMATION
A3: DEFECT ID | B3: DEFECT_008 | C3: MODULE | D3: Register / Login | E3: DEFECT TYPE | F3: Validation
A4: SEVERITY | B4: MAJOR | C4: PRIORITY | D4: HIGH | E4: ASSIGNED TO | F4: DEVELOPER
A5: DEFECT DETAILS
A6: SUMMARY | B6: Weak password is accepted with no password strength indicator
A7: DESCRIPTION | B7: The registration/login page accepts weak passwords (e.g. single characters, simple sequences) without any validation. There is no password strength indicator to guide the user.
A8: EXPECTED RESULT | B8: A password strength indicator should be displayed and weak passwords should be rejected with an appropriate message enforcing minimum complexity rules.
A9: ACTUAL RESULT | B9: Weak passwords are accepted without any warning or strength indicator shown to the user.
A10: ATTACHMENTS | B10: https://drive.google.com/file/d/1GuWDX8ZtzoLD5VgosaSA95hV-2MxOX35/view?usp=drive_link
A11: STEPS TO REPRODUCE
A12: STEP 1 | B12: Open the application (https://demo.nopcommerce.com)
A13: STEP 2 | B13: Navigate to the Register page
A14: STEP 3 | B14: Enter a weak password (e.g. '1', 'abc', '123')
A15: STEP 4 | B15: Fill remaining fields and click Register
A16: DEVICE & ENVIRONMENT DETAILS
A17: OS | B17: Windows | C17: OS VERSION | D17: 11
A18: DEVICE | B18: Honor Magicbook X16 | C18: BROWSER | D18: Zen
A19: BROWSER VERSION | B19: 1.19.5b | C19: BUILD VERSION | D19: N/A

Sheet Sheet 9
A1: DEFECT REPORT | DEFECT_009 | COMPARE PRODUCTS
A2: BASIC INFORMATION
A3: DEFECT ID | B3: DEFECT_009 | C3: MODULE | D3: Compare Products | E3: DEFECT TYPE | F3: Functionality
A4: SEVERITY | B4: MAJOR | C4: PRIORITY | D4: HIGH | E4: ASSIGNED TO | F4: DEVELOPER
A5: DEFECT DETAILS
A6: SUMMARY | B6: Product comparison only shows price and no other attributes
A7: DESCRIPTION | B7: When comparing two products, the comparison table only displays the price of each product. Other important attributes such as name, description, ratings, and specifications are not shown.
A8: EXPECTED RESULT | B8: The product comparison page should display all relevant product attributes including name, description, price, rating, and specifications for a meaningful comparison.
A9: ACTUAL RESULT | B9: Only the product prices are displayed in the comparison table; all other product details are missing.
A10: ATTACHMENTS | B10: https://drive.google.com/file/d/1RlvQ68GkYGwanCBppVU5WYSCRFX_ZJB4/view?usp=drive_link
A11: STEPS TO REPRODUCE
A12: STEP 1 | B12: Open the application (https://demo.nopcommerce.com)
A13: STEP 2 | B13: Browse any product category
A14: STEP 3 | B14: Add two products to the comparison list
A15: STEP 4 | B15: Click on 'Compare products' to view the comparison page
A16: DEVICE & ENVIRONMENT DETAILS
A17: OS | B17: Windows | C17: OS VERSION | D17: 11
A18: DEVICE | B18: Honor Magicbook X16 | C18: BROWSER | D18: Zen
A19: BROWSER VERSION | B19: 1.19.5b | C19: BUILD VERSION | D19: N/A

Sheet Sheet 10
A1: DEFECT REPORT | DEFECT_010 | COMPARE PRODUCTS
A2: BASIC INFORMATION
A3: DEFECT ID | B3: DEFECT_010 | C3: MODULE | D3: Compare Products | E3: DEFECT TYPE | F3: Validation
A4: SEVERITY | B4: MINOR | C4: PRIORITY | D4: MEDIUM | E4: ASSIGNED TO | F4: DEVELOPER
A5: DEFECT DETAILS
A6: SUMMARY | B6: System allows comparison of completely different product types
A7: DESCRIPTION | B7: The compare feature does not restrict users from comparing unrelated product types (e.g. a clothing item can be compared against a mobile phone), which makes the comparison meaningless.
A8: EXPECTED RESULT | B8: The system should restrict product comparison to products of the same category or type, and display a validation message if incompatible products are selected.
A9: ACTUAL RESULT | B9: Users can compare any two products regardless of their category or type, resulting in a meaningless comparison.
A10: ATTACHMENTS | B10: https://drive.google.com/file/d/176wGXvpKx3s1cYqKJTFrDTXTZIGQnIyh/view?usp=drive_link
A11: STEPS TO REPRODUCE
A12: STEP 1 | B12: Open the application (https://demo.nopcommerce.com)
A13: STEP 2 | B13: Add a clothing product to the compare list
A14: STEP 3 | B14: Add a phone or electronics product to the compare list
A15: STEP 4 | B15: Click on 'Compare products'
A16: DEVICE & ENVIRONMENT DETAILS
A17: OS | B17: Windows | C17: OS VERSION | D17: 11
A18: DEVICE | B18: Honor Magicbook X16 | C18: BROWSER | D18: Zen
A19: BROWSER VERSION | B19: 1.19.5b | C19: BUILD VERSION | D19: N/A

Sheet Sheet 11
A1: DEFECT REPORT | DEFECT_011 | FOOTER
A2: BASIC INFORMATION
A3: DEFECT ID | B3: DEFECT_011 | C3: MODULE | D3: Footer | E3: DEFECT TYPE | F3: UI
A4: SEVERITY | B4: MINOR | C4: PRIORITY | D4: LOW | E4: ASSIGNED TO | F4: DEVELOPER
A5: DEFECT DETAILS
A6: SUMMARY | B6: News feed logo in footer redirects to a blank page with only a URL link
A7: DESCRIPTION | B7: Clicking the news feed logo in the footer does not lead to any valid content. Instead, it redirects to a blank page that only displays a raw URL link with no meaningful content or layout.
A8: EXPECTED RESULT | B8: The news feed logo in the footer should redirect to the correct news feed page with relevant content displayed properly.
A9: ACTUAL RESULT | B9: Clicking the news feed logo opens a blank page that only contains a raw URL link and no other content.
A10: ATTACHMENTS | B10: https://drive.google.com/file/d/12kISPLyH7h9r7dwK7ERIUenycfIADnVW/view?usp=drive_link
A11: STEPS TO REPRODUCE
A12: STEP 1 | B12: Open the application (https://demo.nopcommerce.com)
A13: STEP 2 | B13: Scroll down to the footer section
A14: STEP 3 | B14: Click on the News Feed logo in the footer
A15: DEVICE & ENVIRONMENT DETAILS
A16: OS | B16: Windows | C16: OS VERSION | D16: 11
A17: DEVICE | B17: Honor Magicbook X16 | C17: BROWSER | D17: Zen
A18: BROWSER VERSION | B18: 1.19.5b | C18: BUILD VERSION | D18: N/A

Sheet Sheet 12
A1: DEFECT REPORT | DEFECT_012 | PRODUCT PAGE
A2: BASIC INFORMATION
A3: DEFECT ID | B3: DEFECT_012 | C3: MODULE | D3: Product Page | E3: DEFECT TYPE | F3: Functionality
A4: SEVERITY | B4: MAJOR | C4: PRIORITY | D4: HIGH | E4: ASSIGNED TO | F4: DEVELOPER
A5: DEFECT DETAILS
A6: SUMMARY | B6: Changing color and print on Nike Floral Roshe does not update the product image
A7: DESCRIPTION | B7: On the Nike Floral Roshe product page, selecting different color or print options does not update the displayed product image. The image remains the same regardless of the selected variant.
A8: EXPECTED RESULT | B8: When a different color or print option is selected, the product image should dynamically update to reflect the chosen variant.
A9: ACTUAL RESULT | B9: Product image remains unchanged when color or print options are changed on the Nike Floral Roshe product page.
A10: ATTACHMENTS | B10: https://drive.google.com/file/d/1B7tkOZNScqOHYSR-JCNsBc4RHVd6HzUQ/view?usp=drive_link
A11: STEPS TO REPRODUCE
A12: STEP 1 | B12: Open the application (https://demo.nopcommerce.com)
A13: STEP 2 | B13: Navigate to the Nike Floral Roshe product page
A14: STEP 3 | B14: Select a different Color option from the available choices
A15: STEP 4 | B15: Select a different Print option from the available choices
A16: STEP 5 | B16: Observe whether the product image updates
A17: DEVICE & ENVIRONMENT DETAILS
A18: OS | B18: Windows | C18: OS VERSION | D18: 11
A19: DEVICE | B19: Honor Magicbook X16 | C19: BROWSER | D19: Zen
A20: BROWSER VERSION | B20: 1.19.5b | C20: BUILD VERSION | D20: N/A

Sheet Sheet 13
A1: DEFECT REPORT | DEFECT_013 | PRODUCT PAGE
A2: BASIC INFORMATION
A3: DEFECT ID | B3: DEFECT_013 | C3: MODULE | D3: Product Page | E3: DEFECT TYPE | F3: Validation
A4: SEVERITY | B4: MAJOR | C4: PRIORITY | D4: HIGH | E4: ASSIGNED TO | F4: DEVELOPER
A5: DEFECT DETAILS
A6: SUMMARY | B6: Rental date on Elegant Gemstone Necklace allows selection of past dates
A7: DESCRIPTION | B7: On the Elegant Gemstone Necklace (rental) product page, the rental date picker does not restrict past dates. Users are able to select a start or end rental date that has already passed.
A8: EXPECTED RESULT | B8: The rental date picker should disable all past dates and only allow selection of today's date or future dates.
A9: ACTUAL RESULT | B9: Past dates can be selected as the rental start or end date without any validation error or restriction.
A10: ATTACHMENTS | B10: https://drive.google.com/file/d/1K3l02lzN7gC6KP0LvNvP4MDS3vtLGh_P/view?usp=drive_link
A11: STEPS TO REPRODUCE
A12: STEP 1 | B12: Open the application (https://demo.nopcommerce.com)
A13: STEP 2 | B13: Navigate to the Elegant Gemstone Necklace (rental) product page
A14: STEP 3 | B14: Click on the rental start date or end date picker
A15: STEP 4 | B15: Select a date that is in the past
A16: STEP 5 | B16: Observe if the system accepts the past date
A17: DEVICE & ENVIRONMENT DETAILS
A18: OS | B18: Windows | C18: OS VERSION | D18: 11
A19: DEVICE | B19: Honor Magicbook X16 | C19: BROWSER | D19: Zen
A20: BROWSER VERSION | B20: 1.19.5b | C20: BUILD VERSION | D20: N/A

Sheet Sheet 14
A1: DEFECT REPORT | DEFECT_014 | FOOTER
A2: BASIC INFORMATION
A3: DEFECT ID | B3: DEFECT_014 | C3: MODULE | D3: Footer | E3: DEFECT TYPE | F3: UI
A4: SEVERITY | B4: MINOR | C4: PRIORITY | D4: MEDIUM | E4: ASSIGNED TO | F4: DEVELOPER
A5: DEFECT DETAILS
A6: SUMMARY | B6: About Us, Privacy Policy, Shipping and Returns pages display placeholder content
A7: DESCRIPTION | B7: Clicking on 'About Us', 'Privacy Policy', or 'Shipping and Returns' links in the footer leads to pages that only show default placeholder text such as 'Put your About Us information here. You can edit this in the admin site.' No actual content has been configured.
A8: EXPECTED RESULT | B8: The About Us, Privacy Policy, and Shipping & Returns pages should display proper, meaningful content relevant to the website.
A9: ACTUAL RESULT | B9: All three pages display generic placeholder text indicating that content has not been added, which is visible to end users.
A10: ATTACHMENTS | B10: https://drive.google.com/file/d/14QwaKhJ48fRdxxHN7_bBOLVQXIu_p5iT/view?usp=drive_link
A11: STEPS TO REPRODUCE
A12: STEP 1 | B12: Open the application (https://demo.nopcommerce.com)
A13: STEP 2 | B13: Scroll down to the footer section
A14: STEP 3 | B14: Click on 'About Us' link in the footer
A15: STEP 4 | B15: Observe the page content
A16: STEP 5 | B16: Repeat for 'Privacy Policy' and 'Shipping and Returns' links
A17: DEVICE & ENVIRONMENT DETAILS
A18: OS | B18: Windows | C18: OS VERSION | D18: 11
A19: DEVICE | B19: Honor Magicbook X16 | C19: BROWSER | D19: Zen
A20: BROWSER VERSION | B20: 1.19.5b | C20: BUILD VERSION | D20: N/A

Sheet Sheet 15
A1: DEFECT REPORT | DEFECT_015 | MANUFACTURERS PAGE
A2: BASIC INFORMATION
A3: DEFECT ID | B3: DEFECT_015 | C3: MODULE | D3: Manufacturers | E3: DEFECT TYPE | F3: Functionality
A4: SEVERITY | B4: MINOR | C4: PRIORITY | D4: MEDIUM | E4: ASSIGNED TO | F4: DEVELOPER
A5: DEFECT DETAILS
A6: SUMMARY | B6: Manufacturers page lists only 3 brands despite more brands existing in product pages
A7: DESCRIPTION | B7: The Manufacturers page only displays 3 brands. However, browsing product listings reveals products associated with additional brands that are not listed on the Manufacturers page, indicating an inconsistency in the data.
A8: EXPECTED RESULT | B8: The Manufacturers page should display all brands whose products are available in the store, ensuring consistency with the product catalogue.
A9: ACTUAL RESULT | B9: Only 3 brands are listed on the Manufacturers page while products from additional brands are visible across various product pages.
A10: ATTACHMENTS | B10: https://drive.google.com/file/d/18CwZrl_-Pnvg9d3PtH3h3iydxT0f_gI1/view?usp=drive_link
A11: STEPS TO REPRODUCE
A12: STEP 1 | B12: Open the application (https://demo.nopcommerce.com)
A13: STEP 2 | B13: Navigate to the Manufacturers page
A14: STEP 3 | B14: Note the brands listed on the page
A15: STEP 4 | B15: Browse various product category pages
A16: STEP 5 | B16: Compare brand names on products against the Manufacturers page listing
A17: DEVICE & ENVIRONMENT DETAILS
A18: OS | B18: Windows | C18: OS VERSION | D18: 11
A19: DEVICE | B19: Honor Magicbook X16 | C19: BROWSER | D19: Zen
A20: BROWSER VERSION | B20: 1.19.5b | C20: BUILD VERSION | D20: N/A
